year,month,day,team,opponent,location,teamscore,oppscore,OT,D1
2018,11,17,Abilene Christian,Central Ark.,H,7,16,NA,2
2018,9,16,Abilene Christian,Houston Baptist,V,38,13,NA,2
2018,9,30,Abilene Christian,Incarnate Word,H,34,44,NA,2
2018,10,7,Abilene Christian,McNeese,V,21,24,NA,2
2018,10,13,Abilene Christian,Nicholls St.,H,28,12,NA,2
2018,11,3,Abilene Christian,Northwestern St.,H,49,47,NA,2
2018,11,10,Abilene Christian,Sam Houston St.,V,17,10,NA,2
2018,9,23,Abilene Christian,SFA,V,21,24,NA,2
2018,10,21,Abilene Christian,Southeastern La.,V,48,27,NA,2
2018,10,27,Alabama A&M,Alabama St.,H,27,10,NA,2
2018,10,13,Alabama A&M,Alcorn,H,26,35,NA,2
2018,11,3,Alabama A&M,Ark.-Pine Bluff,V,45,14,NA,2
2018,11,10,Alabama A&M,Grambling,H,16,29,NA,2
2018,9,29,Alabama A&M,Jackson St.,V,21,16,NA,2
2018,11,17,Alabama A&M,Mississippi Val.,V,42,14,NA,2
2018,9,22,Alabama A&M,Southern U.,H,27,29,NA,2
2018,10,7,Alabama A&M,Texas Southern,V,42,21,NA,2
2018,10,27,Alabama St.,Alabama A&M,V,10,27,NA,2
2018,10,6,Alabama St.,Alcorn,V,28,25,NA,2
2018,9,23,Alabama St.,Grambling,V,0,34,NA,2
2018,11,10,Alabama St.,Jackson St.,H,2,20,NA,2
2018,9,15,Alabama St.,Kennesaw St.,V,13,62,NA,2
2018,11,22,Alabama St.,Mississippi Val.,H,31,24,1,2
2018,11,17,Alabama St.,Prairie View,V,13,66,NA,2
2018,11,3,Alabama St.,Texas Southern,H,30,21,NA,2
2018,11,3,Albany (NY),Delaware,H,16,21,NA,2
2018,10,27,Albany (NY),Maine,V,9,28,NA,2
2018,9,16,Albany (NY),Morgan St.,H,30,27,NA,2
2018,11,10,Albany (NY),New Hampshire,V,10,24,NA,2
2018,9,8,Albany (NY),Rhode Island,V,26,45,NA,2
2018,10,14,Albany (NY),Richmond,H,24,27,NA,2
2018,9,23,Albany (NY),Saint Francis (PA),H,35,28,NA,2
2018,11,17,Albany (NY),Stony Brook,H,25,23,NA,2
2018,10,20,Albany (NY),Towson,H,28,56,NA,2
2018,10,6,Albany (NY),William & Mary,V,22,25,NA,2
2018,10,13,Alcorn,Alabama A&M,V,35,26,NA,2
2018,10,6,Alcorn,Alabama St.,H,25,28,NA,2
2018,10,20,Alcorn,Grambling,H,33,26,NA,2
2018,11,17,Alcorn,Jackson St.,H,24,3,NA,2
2018,9,23,Alcorn,Mississippi Val.,V,56,20,NA,2
2018,12,15,Alcorn,N.C. A&T,H,22,24,NA,2
2018,10,27,Alcorn,Prairie View,V,27,13,NA,2
2018,9,30,Alcorn,Southern U.,V,20,3,NA,2
2018,12,1,Alcorn,Southern U.,H,37,28,NA,2
2018,9,16,Alcorn,Texas Southern,H,27,15,NA,2
2018,11,3,Ark.-Pine Bluff,Alabama A&M,H,14,45,NA,2
2018,10,27,Ark.-Pine Bluff,Grambling,V,38,45,1,2
2018,10,6,Ark.-Pine Bluff,Jackson St.,H,27,30,NA,2
2018,10,20,Ark.-Pine Bluff,Mississippi Val.,V,47,48,2,2
2018,9,23,Ark.-Pine Bluff,Prairie View,H,13,62,NA,2
2018,9,16,Ark.-Pine Bluff,South Dakota St.,V,6,90,NA,2
2018,11,10,Ark.-Pine Bluff,Southern U.,V,24,56,NA,2
2018,11,18,Ark.-Pine Bluff,Texas Southern,V,15,10,NA,2
2018,11,10,Austin Peay,Eastern Ill.,V,21,52,NA,2
2018,11,3,Austin Peay,Eastern Ky.,H,13,17,NA,2
2018,9,29,Austin Peay,Jacksonville St.,V,32,48,NA,2
2018,9,15,Austin Peay,Morehead St.,V,78,40,NA,2
2018,11,17,Austin Peay,Murray St.,H,48,23,NA,2
2018,9,9,Austin Peay,Presbyterian,H,24,0,NA,2
2018,10,13,Austin Peay,Southeast Mo. St.,V,27,31,NA,2
2018,10,7,Austin Peay,Tennessee St.,H,49,34,NA,2
2018,10,27,Austin Peay,Tennessee Tech,H,41,10,NA,2
2018,9,22,Austin Peay,UT Martin,V,7,37,NA,2
2018,11,17,Bethune-Cookman,Florida A&M,V,33,19,NA,2
2018,9,22,Bethune-Cookman,Howard,H,35,41,NA,2
2018,10,6,Bethune-Cookman,Mississippi Val.,H,41,27,NA,2
2018,11,3,Bethune-Cookman,Morgan St.,V,30,28,NA,2
2018,10,20,Bethune-Cookman,N.C. A&T,H,10,35,NA,2
2018,11,9,Bethune-Cookman,N.C. Central,H,28,25,2,2
2018,9,29,Bethune-Cookman,Savannah St.,V,35,20,NA,2
2018,10,13,Bethune-Cookman,South Carolina St.,V,28,26,NA,2
2018,9,2,Bethune-Cookman,Tennessee St.,V,3,34,NA,2
2018,9,15,Brown,Cal Poly,V,15,44,NA,2
2018,11,10,Brown,Columbia,H,20,42,NA,2
2018,10,20,Brown,Cornell,H,16,34,NA,2
2018,11,17,Brown,Dartmouth,V,7,49,NA,2
2018,9,29,Brown,Georgetown,H,35,7,NA,2
2018,9,22,Brown,Harvard,H,17,31,NA,2
2018,10,27,Brown,Penn,H,7,13,NA,2
2018,10,13,Brown,Princeton,V,10,48,NA,2
2018,10,6,Brown,Rhode Island,V,0,48,NA,2
2018,11,3,Brown,Yale,V,16,46,NA,2
2018,10,13,Bryant,Central Conn. St.,H,14,48,NA,2
2018,10,6,Bryant,Duquesne,V,21,20,NA,2
2018,10,20,Bryant,Fordham,V,42,41,NA,2
2018,11,17,Bryant,Howard,V,56,55,NA,2
2018,9,15,Bryant,Marist,H,37,27,NA,2
2018,9,22,Bryant,Robert Morris,H,49,46,NA,2
2018,10,27,Bryant,Sacred Heart,V,26,49,NA,2
2018,11,3,Bryant,Saint Francis (PA),V,14,27,NA,2
2018,9,8,Bryant,Stony Brook,V,21,50,NA,2
2018,11,10,Bryant,Wagner,H,36,52,NA,2
2018,10,6,Bucknell,Colgate,H,3,27,NA,2
2018,11,17,Bucknell,Fordham,H,14,17,NA,2
2018,11,10,Bucknell,Georgetown,V,3,14,NA,2
2018,9,29,Bucknell,Holy Cross,V,19,16,NA,2
2018,10,20,Bucknell,Lafayette,H,27,29,NA,2
2018,11,3,Bucknell,Lehigh,V,17,45,NA,2
2018,10,13,Bucknell,Monmouth,V,19,36,NA,2
2018,9,15,Bucknell,Penn,V,17,34,NA,2
2018,9,8,Bucknell,Sacred Heart,H,14,30,NA,2
2018,9,22,Bucknell,Villanova,V,7,49,NA,2
2018,9,1,Bucknell,William & Mary,H,7,14,NA,2
2018,11,17,Butler,Davidson,V,38,41,NA,2
2018,10,27,Butler,Dayton,H,28,38,NA,2
2018,10,6,Butler,Drake,V,6,36,NA,2
2018,11,3,Butler,Jacksonville,V,44,48,NA,2
2018,9,29,Butler,Morehead St.,H,24,21,NA,2
2018,9,15,Butler,Princeton,H,7,50,NA,2
2018,10,20,Butler,San Diego,H,13,42,NA,2
2018,11,10,Butler,Stetson,H,28,23,NA,2
2018,10,13,Butler,Valparaiso,V,17,35,NA,2
2018,9,1,Butler,Youngstown St.,V,23,21,NA,2
2018,9,15,Cal Poly,Brown,H,44,15,NA,2
2018,9,22,Cal Poly,Eastern Wash.,V,17,70,NA,2
2018,11,11,Cal Poly,Idaho St.,H,37,14,NA,2
2018,9,30,Cal Poly,Montana,H,28,48,NA,2
2018,11,3,Cal Poly,Montana St.,V,42,49,NA,2
2018,9,1,Cal Poly,North Dakota St.,V,3,49,NA,2
2018,10,28,Cal Poly,Northern Ariz.,V,38,28,NA,2
2018,10,7,Cal Poly,Sacramento St.,V,41,27,NA,2
2018,11,18,Cal Poly,Southern Utah,H,38,24,NA,2
2018,10,21,Cal Poly,UC Davis,H,10,52,NA,2
2018,9,9,Cal Poly,Weber St.,H,17,24,NA,2
2018,11,17,Campbell,Charleston So.,H,7,12,NA,2
2018,10,27,Campbell,Gardner-Webb,H,7,35,NA,2
2018,9,8,Campbell,Georgetown,V,13,8,NA,2
2018,11,3,Campbell,Kennesaw St.,V,0,49,NA,2
2018,10,20,Campbell,Monmouth,V,21,38,NA,2
2018,11,10,Campbell,Presbyterian,V,34,6,NA,2
2018,10,6,Campbell,Wagner,H,49,3,NA,2
2018,11,17,Central Ark.,Abilene Christian,V,16,7,NA,2
2018,10,7,Central Ark.,Houston Baptist,H,66,35,NA,2
2018,11,10,Central Ark.,Incarnate Word,H,27,40,NA,2
2018,11,3,Central Ark.,Lamar University,H,24,38,NA,2
2018,10,28,Central Ark.,McNeese,V,21,23,NA,2
2018,9,9,Central Ark.,Murray St.,H,26,13,NA,2
2018,10,21,Central Ark.,Northwestern St.,H,38,17,NA,2
2018,9,29,Central Ark.,Sam Houston St.,V,31,34,1,2
2018,10,13,Central Ark.,SFA,V,27,17,NA,2
2018,9,16,Central Ark.,Southeastern La.,V,33,25,NA,2
2018,10,13,Central Conn. St.,Bryant,V,48,14,NA,2
2018,9,15,Central Conn. St.,Columbia,H,24,41,NA,2
2018,11,17,Central Conn. St.,Duquesne,H,31,38,NA,2
2018,9,22,Central Conn. St.,Fordham,V,24,13,NA,2
2018,9,30,Central Conn. St.,Lafayette,V,24,31,NA,2
2018,10,6,Central Conn. St.,Robert Morris,V,56,35,NA,2
2018,10,20,Central Conn. St.,Sacred Heart,H,25,28,NA,2
2018,11,10,Central Conn. St.,Saint Francis (PA),V,30,14,NA,2
2018,10,27,Central Conn. St.,Wagner,H,49,24,NA,2
2018,11,17,Charleston So.,Campbell,V,12,7,NA,2
2018,9,22,Charleston So.,Elon,H,22,31,NA,2
2018,11,10,Charleston So.,Gardner-Webb,H,16,0,NA,2
2018,9,29,Charleston So.,Hampton,V,48,14,NA,2
2018,10,27,Charleston So.,Kennesaw St.,H,10,38,NA,2
2018,11,3,Charleston So.,Monmouth,V,3,37,NA,2
2018,10,20,Charleston So.,Presbyterian,H,41,7,NA,2
2018,10,6,Charleston So.,Savannah St.,V,3,23,NA,2
2018,11,30,Charleston So.,The Citadel,V,14,43,NA,2
2018,9,30,Chattanooga,ETSU,V,14,17,NA,2
2018,11,3,Chattanooga,Furman,V,10,16,NA,2
2018,11,10,Chattanooga,Mercer,H,9,13,NA,2
2018,9,23,Chattanooga,Samford,H,27,20,NA,2
2018,8,31,Chattanooga,Tennessee Tech,H,34,10,NA,2
2018,9,8,Chattanooga,The Citadel,V,29,28,1,2
2018,9,15,Chattanooga,UT Martin,V,34,24,NA,2
2018,10,27,Chattanooga,VMI,H,34,27,NA,2
2018,10,13,Chattanooga,Western Caro.,V,26,6,NA,2
2018,10,6,Chattanooga,Wofford,H,10,21,NA,2
2018,10,6,Colgate,Bucknell,V,27,3,NA,2
2018,10,13,Colgate,Cornell,H,31,0,NA,2
2018,11,3,Colgate,Fordham,V,41,0,NA,2
2018,10,27,Colgate,Georgetown,H,38,0,NA,2
2018,9,1,Colgate,Holy Cross,H,24,17,NA,2
2018,12,1,Colgate,James Madison,H,23,20,NA,2
2018,9,22,Colgate,Lafayette,H,45,0,NA,2
2018,11,10,Colgate,Lehigh,V,48,6,NA,2
2018,9,8,Colgate,New Hampshire,V,10,3,NA,2
2018,12,8,Colgate,North Dakota St.,V,0,35,NA,2
2018,9,29,Colgate,William & Mary,V,23,0,NA,2
2018,11,10,Columbia,Brown,V,42,20,NA,2
2018,9,15,Columbia,Central Conn. St.,V,41,24,NA,2
2018,11,17,Columbia,Cornell,H,24,21,NA,2
2018,10,20,Columbia,Dartmouth,H,12,28,NA,2
2018,9,22,Columbia,Georgetown,V,23,15,NA,2
2018,11,3,Columbia,Harvard,V,18,52,NA,2
2018,10,6,Columbia,Marist,H,34,24,NA,2
2018,10,13,Columbia,Penn,V,10,13,NA,2
2018,9,28,Columbia,Princeton,H,10,45,NA,2
2018,10,27,Columbia,Yale,H,17,10,NA,2
2018,10,20,Cornell,Brown,V,34,16,NA,2
2018,10,13,Cornell,Colgate,V,0,31,NA,2
2018,11,17,Cornell,Columbia,V,21,24,NA,2
2018,11,10,Cornell,Dartmouth,H,24,35,NA,2
2018,9,15,Cornell,Delaware,V,10,27,NA,2
2018,10,6,Cornell,Harvard,H,28,24,NA,2
2018,11,2,Cornell,Penn,H,7,20,NA,2
2018,10,27,Cornell,Princeton,V,0,66,NA,2
2018,9,29,Cornell,Sacred Heart,H,43,24,NA,2
2018,9,22,Cornell,Yale,H,24,30,NA,2
2018,11,17,Dartmouth,Brown,H,49,7,NA,2
2018,10,20,Dartmouth,Columbia,V,28,12,NA,2
2018,11,10,Dartmouth,Cornell,V,35,24,NA,2
2018,9,15,Dartmouth,Georgetown,H,41,0,NA,2
2018,10,27,Dartmouth,Harvard,H,24,17,NA,2
2018,9,22,Dartmouth,Holy Cross,V,34,14,NA,2
2018,9,29,Dartmouth,Penn,H,37,14,NA,2
2018,11,3,Dartmouth,Princeton,V,9,14,NA,2
2018,10,13,Dartmouth,Sacred Heart,H,42,0,NA,2
2018,10,5,Dartmouth,Yale,V,41,18,NA,2
2018,11,17,Davidson,Butler,H,41,38,NA,2
2018,9,22,Davidson,Dayton,V,21,42,NA,2
2018,10,6,Davidson,Jacksonville,H,44,37,NA,2
2018,10,20,Davidson,Marist,V,41,48,1,2
2018,10,13,Davidson,Morehead St.,H,28,35,NA,2
2018,11,10,Davidson,San Diego,V,52,56,NA,2
2018,10,27,Davidson,Stetson,H,53,56,NA,2
2018,9,29,Davidson,Valparaiso,V,40,35,NA,2
2018,10,27,Dayton,Butler,V,38,28,NA,2
2018,9,22,Dayton,Davidson,H,42,21,NA,2
2018,10,20,Dayton,Drake,H,17,28,NA,2
2018,9,15,Dayton,Duquesne,V,26,31,NA,2
2018,11,17,Dayton,Jacksonville,V,34,7,NA,2
2018,9,29,Dayton,Marist,V,17,28,NA,2
2018,11,10,Dayton,Morehead St.,H,63,20,NA,2
2018,9,1,Dayton,Robert Morris,H,49,28,NA,2
2018,10,13,Dayton,San Diego,V,34,36,NA,2
2018,9,8,Dayton,Southeast Mo. St.,V,21,40,NA,2
2018,10,6,Dayton,Valparaiso,H,53,20,NA,2
2018,11,3,Delaware,Albany (NY),V,21,16,NA,2
2018,9,15,Delaware,Cornell,H,27,10,NA,2
2018,10,13,Delaware,Elon,H,28,16,NA,2
2018,11,24,Delaware,James Madison,V,6,20,NA,2
2018,9,8,Delaware,Lafayette,H,37,0,NA,2
2018,10,20,Delaware,New Hampshire,V,38,14,NA,2
2018,9,22,Delaware,North Dakota St.,V,10,38,NA,2
2018,8,31,Delaware,Rhode Island,H,19,21,NA,2
2018,10,6,Delaware,Richmond,V,43,28,NA,2
2018,11,10,Delaware,Stony Brook,V,3,17,NA,2
2018,10,27,Delaware,Towson,H,40,36,NA,2
2018,11,17,Delaware,Villanova,H,21,42,NA,2
2018,10,13,Delaware St.,Howard,V,13,55,NA,2
2018,11,10,Delaware St.,Morgan St.,V,0,9,NA,2
2018,10,7,Delaware St.,N.C. A&T,H,6,34,NA,2
2018,10,27,Delaware St.,N.C. Central,H,28,13,NA,2
2018,9,29,Delaware St.,Norfolk St.,V,28,54,NA,2
2018,9,8,Delaware St.,Saint Francis (PA),V,14,45,NA,2
2018,11,3,Delaware St.,Savannah St.,H,25,6,NA,2
2018,10,20,Delaware St.,South Carolina St.,V,19,30,NA,2
2018,10,6,Drake,Butler,H,36,6,NA,2
2018,10,20,Drake,Dayton,V,28,17,NA,2
2018,9,29,Drake,Jacksonville,V,41,9,NA,2
2018,11,10,Drake,Marist,H,13,10,NA,2
2018,9,8,Drake,Montana,V,16,48,NA,2
2018,11,17,Drake,Morehead St.,V,43,6,NA,2
2018,11,3,Drake,San Diego,H,10,27,NA,2
2018,10,13,Drake,Stetson,H,21,23,NA,2
2018,10,27,Drake,Valparaiso,V,42,25,NA,2
2018,10,6,Duquesne,Bryant,H,20,21,NA,2
2018,11,17,Duquesne,Central Conn. St.,V,38,31,NA,2
2018,9,15,Duquesne,Dayton,H,31,26,NA,2
2018,10,14,Duquesne,Robert Morris,H,48,24,NA,2
2018,11,10,Duquesne,Sacred Heart,H,28,24,NA,2
2018,10,20,Duquesne,Saint Francis (PA),V,27,20,NA,2
2018,12,1,Duquesne,South Dakota St.,V,6,51,NA,2
2018,11,24,Duquesne,Towson,V,31,10,NA,2
2018,9,8,Duquesne,Valparaiso,H,23,21,NA,2
2018,11,3,Duquesne,Wagner,V,47,30,NA,2
2018,11,10,Eastern Ill.,Austin Peay,H,52,21,NA,2
2018,10,27,Eastern Ill.,Eastern Ky.,V,23,31,NA,2
2018,9,9,Eastern Ill.,Illinois St.,V,10,48,NA,2
2018,9,16,Eastern Ill.,Indiana St.,H,41,55,NA,2
2018,10,13,Eastern Ill.,Jacksonville St.,V,22,49,NA,2
2018,10,7,Eastern Ill.,Murray St.,H,41,48,NA,2
2018,11,17,Eastern Ill.,Southeast Mo. St.,V,32,38,NA,2
2018,9,22,Eastern Ill.,Tennessee St.,H,40,41,NA,2
2018,9,30,Eastern Ill.,Tennessee Tech,V,52,38,NA,2
2018,10,20,Eastern Ill.,UT Martin,H,24,21,1,2
2018,11,3,Eastern Ky.,Austin Peay,V,17,13,NA,2
2018,10,27,Eastern Ky.,Eastern Ill.,H,31,23,NA,2
2018,10,6,Eastern Ky.,Jacksonville St.,H,7,56,NA,2
2018,8,31,Eastern Ky.,Morehead St.,H,49,23,NA,2
2018,10,20,Eastern Ky.,Murray St.,H,6,34,NA,2
2018,11,10,Eastern Ky.,Robert Morris,H,40,39,1,2
2018,9,22,Eastern Ky.,Southeast Mo. St.,H,23,14,NA,2
2018,11,17,Eastern Ky.,Tennessee Tech,V,37,6,NA,2
2018,10,13,Eastern Ky.,UT Martin,V,35,34,NA,2
2018,9,22,Eastern Wash.,Cal Poly,H,70,17,NA,2
2018,12,15,Eastern Wash.,Maine,H,50,19,NA,2
2018,9,29,Eastern Wash.,Montana St.,V,34,17,NA,2
2018,12,1,Eastern Wash.,Nicholls St.,H,42,21,NA,2
2018,1,5,Eastern Wash.,North Dakota St.,V,24,38,NA,2
2018,9,9,Eastern Wash.,Northern Ariz.,V,31,26,NA,2
2018,11,3,Eastern Wash.,Northern Colo.,V,48,13,NA,2
2018,11,17,Eastern Wash.,Portland St.,V,74,23,NA,2
2018,10,6,Eastern Wash.,Southern Utah,H,55,17,NA,2
2018,11,10,Eastern Wash.,UC Davis,H,59,20,NA,2
2018,12,8,Eastern Wash.,UC Davis,H,34,29,NA,2
2018,10,13,Eastern Wash.,Weber St.,V,6,14,NA,2
2018,9,22,Elon,Charleston So.,V,31,22,NA,2
2018,10,13,Elon,Delaware,V,16,28,NA,2
2018,9,8,Elon,Furman,H,45,7,NA,2
2018,10,6,Elon,James Madison,V,27,24,NA,2
2018,11,17,Elon,Maine,V,26,27,NA,2
2018,9,29,Elon,New Hampshire,H,30,9,NA,2
2018,11,3,Elon,Rhode Island,H,24,21,NA,2
2018,10,20,Elon,Richmond,H,38,28,NA,2
2018,11,10,Elon,Towson,H,10,41,NA,2
2018,11,24,Elon,Wofford,V,7,19,NA,2
2018,9,30,ETSU,Chattanooga,H,17,14,NA,2
2018,9,23,ETSU,Furman,H,29,27,NA,2
2018,10,6,ETSU,Gardner-Webb,H,45,0,NA,2
2018,11,25,ETSU,Jacksonville St.,V,27,34,NA,2
2018,11,3,ETSU,Mercer,V,21,18,NA,2
2018,11,17,ETSU,Samford,H,27,38,NA,2
2018,10,13,ETSU,The Citadel,V,26,23,NA,2
2018,9,14,ETSU,VMI,V,27,24,NA,2
2018,10,27,ETSU,Western Caro.,H,45,43,3,2
2018,10,20,ETSU,Wofford,V,17,30,NA,2
2018,11,17,Florida A&M,Bethune-Cookman,H,19,33,NA,2
2018,9,1,Florida A&M,Fordham,H,41,7,NA,2
2018,11,3,Florida A&M,Howard,V,23,31,NA,2
2018,9,15,Florida A&M,Jackson St.,H,16,18,NA,2
2018,10,27,Florida A&M,Morgan St.,H,38,3,NA,2
2018,10,13,Florida A&M,N.C. A&T,V,22,21,NA,2
2018,9,29,Florida A&M,N.C. Central,V,55,14,NA,2
2018,10,6,Florida A&M,Norfolk St.,H,17,0,NA,2
2018,9,22,Florida A&M,Savannah St.,H,31,13,NA,2
2018,11,10,Florida A&M,South Carolina St.,H,21,44,NA,2
2018,10,20,Fordham,Bryant,H,41,42,NA,2
2018,11,17,Fordham,Bucknell,V,17,14,NA,2
2018,9,22,Fordham,Central Conn. St.,H,13,24,NA,2
2018,11,3,Fordham,Colgate,H,0,41,NA,2
2018,9,1,Fordham,Florida A&M,V,7,41,NA,2
2018,10,6,Fordham,Georgetown,H,11,23,NA,2
2018,11,10,Fordham,Holy Cross,V,13,17,NA,2
2018,10,27,Fordham,Lafayette,H,13,21,NA,2
2018,10,13,Fordham,Lehigh,V,43,14,NA,2
2018,9,8,Fordham,Richmond,V,7,52,NA,2
2018,9,15,Fordham,Stony Brook,H,6,28,NA,2
2018,11,3,Furman,Chattanooga,H,16,10,NA,2
2018,9,8,Furman,Elon,V,7,45,NA,2
2018,9,23,Furman,ETSU,V,27,29,NA,2
2018,11,17,Furman,Mercer,V,35,30,NA,2
2018,10,20,Furman,Samford,H,25,38,NA,2
2018,10,27,Furman,The Citadel,V,28,17,NA,2
2018,11,10,Furman,VMI,V,49,13,NA,2
2018,9,29,Furman,Western Caro.,H,44,38,NA,2
2018,10,13,Furman,Wofford,H,34,14,NA,2
2018,10,27,Gardner-Webb,Campbell,V,35,7,NA,2
2018,11,10,Gardner-Webb,Charleston So.,V,0,16,NA,2
2018,10,6,Gardner-Webb,ETSU,V,0,45,NA,2
2018,10,13,Gardner-Webb,Kennesaw St.,H,17,56,NA,2
2018,11,17,Gardner-Webb,Monmouth,H,42,56,NA,2
2018,9,8,Gardner-Webb,N.C. A&T,V,6,45,NA,2
2018,11,3,Gardner-Webb,Presbyterian,H,38,20,NA,2
2018,9,14,Gardner-Webb,Western Caro.,H,10,28,NA,2
2018,9,29,Gardner-Webb,Wofford,H,14,45,NA,2
2018,9,29,Georgetown,Brown,V,7,35,NA,2
2018,11,10,Georgetown,Bucknell,H,14,3,NA,2
2018,9,8,Georgetown,Campbell,H,8,13,NA,2
2018,10,27,Georgetown,Colgate,V,0,38,NA,2
2018,9,22,Georgetown,Columbia,H,15,23,NA,2
2018,9,15,Georgetown,Dartmouth,V,0,41,NA,2
2018,10,6,Georgetown,Fordham,V,23,11,NA,2
2018,11,17,Georgetown,Holy Cross,H,31,32,NA,2
2018,10,13,Georgetown,Lafayette,V,13,6,NA,2
2018,10,20,Georgetown,Lehigh,H,22,16,2,2
2018,9,1,Georgetown,Marist,V,39,14,NA,2
2018,11,10,Grambling,Alabama A&M,V,29,16,NA,2
2018,9,23,Grambling,Alabama St.,H,34,0,NA,2
2018,10,20,Grambling,Alcorn,V,26,33,NA,2
2018,10,27,Grambling,Ark.-Pine Bluff,H,45,38,1,2
2018,11,3,Grambling,Mississippi Val.,H,24,19,NA,2
2018,9,9,Grambling,Northwestern St.,V,7,34,NA,2
2018,9,29,Grambling,Prairie View,H,16,22,NA,2
2018,11,24,Grambling,Southern U.,V,28,38,NA,2
2018,10,14,Grambling,Texas Southern,V,34,21,NA,2
2018,9,29,Hampton,Charleston So.,H,14,48,NA,2
2018,11,10,Hampton,Mississippi Val.,V,54,39,NA,2
2018,9,8,Hampton,Monmouth,V,28,56,NA,2
2018,10,13,Hampton,Presbyterian,V,24,23,NA,2
2018,9,22,Hampton,UNI,V,0,44,NA,2
2018,9,22,Harvard,Brown,V,31,17,NA,2
2018,11,3,Harvard,Columbia,H,52,18,NA,2
2018,10,6,Harvard,Cornell,V,24,28,NA,2
2018,10,27,Harvard,Dartmouth,V,17,24,NA,2
2018,10,13,Harvard,Holy Cross,H,33,31,NA,2
2018,11,10,Harvard,Penn,V,29,7,NA,2
2018,10,20,Harvard,Princeton,H,21,29,NA,2
2018,9,29,Harvard,Rhode Island,H,16,23,NA,2
2018,9,15,Harvard,San Diego,H,36,14,NA,2
2018,11,17,Harvard,Yale,H,45,27,NA,2
2018,9,29,Holy Cross,Bucknell,H,16,19,NA,2
2018,9,1,Holy Cross,Colgate,V,17,24,NA,2
2018,9,22,Holy Cross,Dartmouth,H,14,34,NA,2
2018,11,10,Holy Cross,Fordham,H,17,13,NA,2
2018,11,17,Holy Cross,Georgetown,V,32,31,NA,2
2018,10,13,Holy Cross,Harvard,V,31,33,NA,2
2018,11,3,Holy Cross,Lafayette,V,40,14,NA,2
2018,10,27,Holy Cross,Lehigh,H,56,0,NA,2
2018,10,6,Holy Cross,New Hampshire,V,0,28,NA,2
2018,9,15,Holy Cross,Yale,H,31,28,1,2
2018,9,16,Houston Baptist,Abilene Christian,H,13,38,NA,2
2018,10,7,Houston Baptist,Central Ark.,V,35,66,NA,2
2018,11,10,Houston Baptist,Lamar University,V,9,38,NA,2
2018,9,9,Houston Baptist,McNeese,H,34,51,NA,2
2018,11,3,Houston Baptist,Nicholls St.,H,20,41,NA,2
2018,10,28,Houston Baptist,Northwestern St.,V,28,31,NA,2
2018,11,17,Houston Baptist,Sam Houston St.,H,20,42,NA,2
2018,10,21,Houston Baptist,SFA,H,14,42,NA,2
2018,10,13,Houston Baptist,Southeastern La.,V,52,62,NA,2
2018,9,22,Howard,Bethune-Cookman,V,41,35,NA,2
2018,11,17,Howard,Bryant,H,55,56,NA,2
2018,10,13,Howard,Delaware St.,H,55,13,NA,2
2018,11,3,Howard,Florida A&M,H,31,23,NA,2
2018,10,21,Howard,Morgan St.,V,35,26,NA,2
2018,10,6,Howard,N.C. Central,V,35,40,NA,2
2018,11,10,Howard,Norfolk St.,V,17,29,NA,2
2018,10,27,Howard,South Carolina St.,H,21,27,NA,2
2018,11,11,Idaho St.,Cal Poly,V,14,37,NA,2
2018,10,20,Idaho St.,Liberty,V,41,48,NA,2
2018,10,27,Idaho St.,Montana St.,H,24,17,NA,2
2018,9,22,Idaho St.,North Dakota,V,25,21,NA,2
2018,9,29,Idaho St.,Northern Ariz.,H,56,42,NA,2
2018,11,4,Idaho St.,Portland St.,V,48,45,NA,2
2018,10,14,Idaho St.,UC Davis,V,37,44,1,2
2018,11,17,Idaho St.,Weber St.,H,13,26,NA,2
2018,9,9,Illinois St.,Eastern Ill.,H,48,10,NA,2
2018,11,10,Illinois St.,Indiana St.,V,23,28,NA,2
2018,9,29,Illinois St.,Missouri St.,V,21,24,NA,2
2018,10,20,Illinois St.,North Dakota St.,V,14,28,NA,2
2018,10,27,Illinois St.,South Dakota St.,H,28,38,NA,2
2018,10,13,Illinois St.,Southern Ill.,H,51,3,NA,2
2018,11,3,Illinois St.,UNI,V,16,26,NA,2
2018,10,6,Illinois St.,Western Ill.,H,33,16,NA,2
2018,11,17,Illinois St.,Youngstown St.,H,35,28,NA,2
2018,9,30,Incarnate Word,Abilene Christian,V,44,34,NA,2
2018,11,10,Incarnate Word,Central Ark.,V,40,27,NA,2
2018,10,13,Incarnate Word,Lamar University,V,21,27,NA,2
2018,10,21,Incarnate Word,McNeese,H,45,17,NA,2
2018,11,24,Incarnate Word,Montana St.,V,14,35,NA,2
2018,10,27,Incarnate Word,Nicholls St.,V,21,48,NA,2
2018,11,3,Incarnate Word,Sam Houston St.,H,43,26,NA,2
2018,9,16,Incarnate Word,SFA,H,31,7,NA,2
2018,10,6,Incarnate Word,Southeastern La.,H,52,34,NA,2
2018,9,16,Indiana St.,Eastern Ill.,V,55,41,NA,2
2018,11,10,Indiana St.,Illinois St.,H,28,23,NA,2
2018,10,13,Indiana St.,Missouri St.,H,26,29,NA,2
2018,11,3,Indiana St.,South Dakota,H,51,48,3,2
2018,10,7,Indiana St.,South Dakota St.,V,51,54,1,2
2018,10,20,Indiana St.,Southern Ill.,V,24,21,NA,2
2018,9,28,Indiana St.,UNI,H,0,33,NA,2
2018,11,17,Indiana St.,Western Ill.,V,15,13,NA,2
2018,10,27,Indiana St.,Youngstown St.,V,43,17,NA,2
2018,9,29,Jackson St.,Alabama A&M,H,16,21,NA,2
2018,11,10,Jackson St.,Alabama St.,V,20,2,NA,2
2018,11,17,Jackson St.,Alcorn,V,3,24,NA,2
2018,10,6,Jackson St.,Ark.-Pine Bluff,V,30,27,NA,2
2018,9,15,Jackson St.,Florida A&M,V,18,16,NA,2
2018,10,13,Jackson St.,Mississippi Val.,H,23,7,NA,2
2018,11,3,Jackson St.,Prairie View,H,34,28,NA,2
2018,10,28,Jackson St.,Southern U.,V,7,41,NA,2
2018,11,3,Jacksonville,Butler,H,48,44,NA,2
2018,10,6,Jacksonville,Davidson,V,37,44,NA,2
2018,11,17,Jacksonville,Dayton,H,7,34,NA,2
2018,9,29,Jacksonville,Drake,H,9,41,NA,2
2018,10,13,Jacksonville,Marist,H,17,20,NA,2
2018,9,8,Jacksonville,Mercer,V,3,45,NA,2
2018,10,27,Jacksonville,San Diego,V,35,59,NA,2
2018,10,20,Jacksonville,Stetson,V,35,38,NA,2
2018,11,10,Jacksonville,Valparaiso,V,30,48,NA,2
2018,9,29,Jacksonville St.,Austin Peay,H,48,32,NA,2
2018,10,13,Jacksonville St.,Eastern Ill.,H,49,22,NA,2
2018,10,6,Jacksonville St.,Eastern Ky.,V,56,7,NA,2
2018,11,25,Jacksonville St.,ETSU,H,34,27,NA,2
2018,11,17,Jacksonville St.,Kennesaw St.,V,52,60,5,2
2018,12,1,Jacksonville St.,Maine,V,27,55,NA,2
2018,9,9,Jacksonville St.,Mississippi Val.,H,71,0,NA,2
2018,10,27,Jacksonville St.,Murray St.,V,42,15,NA,2
2018,8,26,Jacksonville St.,N.C. A&T,H,17,20,NA,2
2018,10,20,Jacksonville St.,Southeast Mo. St.,V,14,37,NA,2
2018,11,10,Jacksonville St.,Tennessee St.,V,41,14,NA,2
2018,9,23,Jacksonville St.,Tennessee Tech,H,48,20,NA,2
2018,11,3,Jacksonville St.,UT Martin,H,21,14,NA,2
2018,12,1,James Madison,Colgate,V,20,23,NA,2
2018,11,24,James Madison,Delaware,H,20,6,NA,2
2018,10,6,James Madison,Elon,H,24,27,NA,2
2018,11,3,James Madison,New Hampshire,V,24,35,NA,2
2018,9,8,James Madison,Norfolk St.,V,17,0,NA,2
2018,11,10,James Madison,Rhode Island,H,48,31,NA,2
2018,9,29,James Madison,Richmond,V,63,10,NA,2
2018,9,14,James Madison,Robert Morris,H,73,7,NA,2
2018,10,27,James Madison,Stony Brook,H,13,10,NA,2
2018,11,17,James Madison,Towson,V,38,17,NA,2
2018,10,13,James Madison,Villanova,V,37,0,NA,2
2018,9,22,James Madison,William & Mary,H,51,0,NA,2
2018,9,15,Kennesaw St.,Alabama St.,H,62,13,NA,2
2018,11,3,Kennesaw St.,Campbell,H,49,0,NA,2
2018,10,27,Kennesaw St.,Charleston So.,V,38,10,NA,2
2018,10,13,Kennesaw St.,Gardner-Webb,V,56,17,NA,2
2018,11,17,Kennesaw St.,Jacksonville St.,H,60,52,5,2
2018,11,10,Kennesaw St.,Monmouth,V,51,14,NA,2
2018,10,6,Kennesaw St.,Presbyterian,H,56,0,NA,2
2018,9,29,Kennesaw St.,Samford,H,24,10,NA,2
2018,12,8,Kennesaw St.,South Dakota St.,H,17,27,NA,2
2018,9,7,Kennesaw St.,Tennessee Tech,V,49,10,NA,2
2018,12,1,Kennesaw St.,Wofford,H,13,10,NA,2
2018,10,20,Lafayette,Bucknell,V,29,27,NA,2
2018,9,30,Lafayette,Central Conn. St.,H,31,24,NA,2
2018,9,22,Lafayette,Colgate,V,0,45,NA,2
2018,9,8,Lafayette,Delaware,V,0,37,NA,2
2018,10,27,Lafayette,Fordham,V,21,13,NA,2
2018,10,13,Lafayette,Georgetown,H,6,13,NA,2
2018,11,3,Lafayette,Holy Cross,H,14,40,NA,2
2018,11,17,Lafayette,Lehigh,H,3,34,NA,2
2018,9,15,Lafayette,Monmouth,H,20,24,NA,2
2018,9,1,Lafayette,Sacred Heart,V,6,35,NA,2
2018,11,3,Lamar University,Central Ark.,V,38,24,NA,2
2018,11,10,Lamar University,Houston Baptist,H,38,9,NA,2
2018,10,13,Lamar University,Incarnate Word,H,27,21,NA,2
2018,11,17,Lamar University,McNeese,V,21,17,NA,2
2018,9,29,Lamar University,Nicholls St.,V,27,50,NA,2
2018,9,16,Lamar University,Northwestern St.,H,48,49,NA,2
2018,10,20,Lamar University,Sam Houston St.,H,41,23,NA,2
2018,10,27,Lamar University,SFA,V,24,17,NA,2
2018,9,23,Lamar University,Southeastern La.,H,24,30,NA,2
2018,11,24,Lamar University,UNI,V,13,16,NA,2
2018,11,3,Lehigh,Bucknell,H,45,17,NA,2
2018,11,10,Lehigh,Colgate,H,6,48,NA,2
2018,10,13,Lehigh,Fordham,H,14,43,NA,2
2018,10,20,Lehigh,Georgetown,V,16,22,2,2
2018,10,27,Lehigh,Holy Cross,V,0,56,NA,2
2018,11,17,Lehigh,Lafayette,V,34,3,NA,2
2018,9,22,Lehigh,Penn,V,10,30,NA,2
2018,10,6,Lehigh,Princeton,V,7,66,NA,2
2018,9,1,Lehigh,Saint Francis (PA),H,21,19,NA,2
2018,9,8,Lehigh,Villanova,H,9,31,NA,2
2018,10,20,Liberty,Idaho St.,H,48,41,NA,2
2018,12,1,Liberty,Norfolk St.,H,52,17,NA,2
2018,10,27,Maine,Albany (NY),H,28,9,NA,2
2018,12,15,Maine,Eastern Wash.,V,19,50,NA,2
2018,11,17,Maine,Elon,H,27,26,NA,2
2018,12,1,Maine,Jacksonville St.,H,55,27,NA,2
2018,8,31,Maine,New Hampshire,H,35,7,NA,2
2018,10,13,Maine,Rhode Island,V,38,36,NA,2
2018,11,10,Maine,Richmond,V,28,9,NA,2
2018,11,3,Maine,Towson,V,35,28,NA,2
2018,10,6,Maine,Villanova,H,13,10,NA,2
2018,11,8,Maine,Weber St.,V,23,18,NA,2
2018,10,20,Maine,William & Mary,V,20,27,NA,2
2018,9,29,Maine,Yale,V,14,35,NA,2
2018,9,15,Marist,Bryant,V,27,37,NA,2
2018,10,6,Marist,Columbia,V,24,34,NA,2
2018,10,20,Marist,Davidson,H,48,41,1,2
2018,9,29,Marist,Dayton,H,28,17,NA,2
2018,11,10,Marist,Drake,V,10,13,NA,2
2018,9,1,Marist,Georgetown,H,14,39,NA,2
2018,10,13,Marist,Jacksonville,V,20,17,NA,2
2018,10,27,Marist,Morehead St.,V,48,21,NA,2
2018,11,17,Marist,San Diego,H,14,31,NA,2
2018,9,22,Marist,Stetson,V,14,19,NA,2
2018,11,3,Marist,Valparaiso,H,35,24,NA,2
2018,10,7,McNeese,Abilene Christian,H,24,21,NA,2
2018,10,28,McNeese,Central Ark.,H,23,21,NA,2
2018,9,9,McNeese,Houston Baptist,V,51,34,NA,2
2018,10,21,McNeese,Incarnate Word,V,17,45,NA,2
2018,11,17,McNeese,Lamar University,H,17,21,NA,2
2018,9,16,McNeese,Nicholls St.,H,20,10,NA,2
2018,9,1,McNeese,Northern Colo.,V,17,14,NA,2
2018,11,11,McNeese,Northwestern St.,V,34,37,2,2
2018,9,30,McNeese,SFA,H,17,10,NA,2
2018,11,3,McNeese,Southeastern La.,V,6,23,NA,2
2018,11,10,Mercer,Chattanooga,V,13,9,NA,2
2018,11,3,Mercer,ETSU,H,18,21,NA,2
2018,11,17,Mercer,Furman,H,30,35,NA,2
2018,9,8,Mercer,Jacksonville,H,45,3,NA,2
2018,9,15,Mercer,Samford,V,30,24,NA,2
2018,9,22,Mercer,The Citadel,H,31,38,NA,2
2018,9,29,Mercer,VMI,V,48,38,NA,2
2018,10,20,Mercer,Western Caro.,H,59,46,NA,2
2018,10,27,Mercer,Wofford,V,21,42,NA,2
2018,10,13,Mercer,Yale,V,28,35,NA,2
2018,11,17,Mississippi Val.,Alabama A&M,H,14,42,NA,2
2018,11,22,Mississippi Val.,Alabama St.,V,24,31,1,2
2018,9,23,Mississippi Val.,Alcorn,H,20,56,NA,2
2018,10,20,Mississippi Val.,Ark.-Pine Bluff,H,48,47,2,2
2018,10,6,Mississippi Val.,Bethune-Cookman,V,27,41,NA,2
2018,11,3,Mississippi Val.,Grambling,V,19,24,NA,2
2018,11,10,Mississippi Val.,Hampton,H,39,54,NA,2
2018,10,13,Mississippi Val.,Jackson St.,V,7,23,NA,2
2018,9,9,Mississippi Val.,Jacksonville St.,V,0,71,NA,2
2018,8,31,Mississippi Val.,North Dakota,V,7,35,NA,2
2018,10,27,Mississippi Val.,Texas Southern,V,14,42,NA,2
2018,9,29,Missouri St.,Illinois St.,H,24,21,NA,2
2018,10,13,Missouri St.,Indiana St.,V,29,26,NA,2
2018,11,10,Missouri St.,North Dakota St.,H,7,48,NA,2
2018,9,15,Missouri St.,Northern Ariz.,H,40,8,NA,2
2018,10,6,Missouri St.,South Dakota,V,28,35,NA,2
2018,11,3,Missouri St.,South Dakota St.,V,7,59,NA,2
2018,10,27,Missouri St.,Southern Ill.,H,35,49,NA,2
2018,11,17,Missouri St.,UNI,V,0,37,NA,2
2018,10,20,Missouri St.,Western Ill.,H,14,31,NA,2
2018,10,13,Monmouth,Bucknell,H,36,19,NA,2
2018,10,20,Monmouth,Campbell,H,38,21,NA,2
2018,11,3,Monmouth,Charleston So.,H,37,3,NA,2
2018,11,17,Monmouth,Gardner-Webb,V,56,42,NA,2
2018,9,8,Monmouth,Hampton,H,56,28,NA,2
2018,11,10,Monmouth,Kennesaw St.,H,14,51,NA,2
2018,9,15,Monmouth,Lafayette,V,24,20,NA,2
2018,10,27,Monmouth,Presbyterian,V,24,14,NA,2
2018,9,22,Monmouth,Princeton,V,9,51,NA,2
2018,9,29,Monmouth,Wagner,H,54,47,NA,2
2018,9,30,Montana,Cal Poly,V,48,28,NA,2
2018,9,8,Montana,Drake,H,48,16,NA,2
2018,11,17,Montana,Montana St.,H,25,29,NA,2
2018,10,13,Montana,North Dakota,V,14,41,NA,2
2018,10,6,Montana,Portland St.,H,20,22,NA,2
2018,9,22,Montana,Sacramento St.,H,41,34,NA,2
2018,11,3,Montana,Southern Utah,V,57,14,NA,2
2018,10,27,Montana,UC Davis,H,21,49,NA,2
2018,9,2,Montana,UNI,H,26,23,NA,2
2018,9,15,Montana,Western Ill.,V,27,31,NA,2
2018,11,3,Montana St.,Cal Poly,H,49,42,NA,2
2018,9,29,Montana St.,Eastern Wash.,H,17,34,NA,2
2018,10,27,Montana St.,Idaho St.,V,17,24,NA,2
2018,11,24,Montana St.,Incarnate Word,H,35,14,NA,2
2018,11,17,Montana St.,Montana,V,29,25,NA,2
2018,12,1,Montana St.,North Dakota St.,V,10,52,NA,2
2018,11,10,Montana St.,Northern Colo.,H,35,7,NA,2
2018,9,22,Montana St.,Portland St.,V,43,23,NA,2
2018,9,9,Montana St.,South Dakota St.,V,14,45,NA,2
2018,9,15,Montana St.,Wagner,H,47,24,NA,2
2018,10,20,Montana St.,Weber St.,V,24,34,NA,2
2018,8,31,Montana St.,Western Ill.,H,26,23,NA,2
2018,9,15,Morehead St.,Austin Peay,H,40,78,NA,2
2018,9,29,Morehead St.,Butler,V,21,24,NA,2
2018,10,13,Morehead St.,Davidson,V,35,28,NA,2
2018,11,10,Morehead St.,Dayton,V,20,63,NA,2
2018,11,17,Morehead St.,Drake,H,6,43,NA,2
2018,8,31,Morehead St.,Eastern Ky.,V,23,49,NA,2
2018,10,27,Morehead St.,Marist,H,21,48,NA,2
2018,10,6,Morehead St.,San Diego,H,34,51,NA,2
2018,11,3,Morehead St.,Stetson,V,24,48,NA,2
2018,10,20,Morehead St.,Valparaiso,H,31,24,NA,2
2018,9,16,Morgan St.,Albany (NY),V,27,30,NA,2
2018,11,3,Morgan St.,Bethune-Cookman,H,28,30,NA,2
2018,11,10,Morgan St.,Delaware St.,H,9,0,NA,2
2018,10,27,Morgan St.,Florida A&M,V,3,38,NA,2
2018,10,21,Morgan St.,Howard,H,26,35,NA,2
2018,9,22,Morgan St.,N.C. A&T,V,16,13,NA,2
2018,11,17,Morgan St.,Norfolk St.,V,44,27,NA,2
2018,10,13,Morgan St.,Savannah St.,V,18,11,NA,2
2018,10,6,Morgan St.,South Carolina St.,H,18,21,NA,2
2018,9,2,Morgan St.,Towson,H,10,36,NA,2
2018,11,17,Murray St.,Austin Peay,V,23,48,NA,2
2018,9,9,Murray St.,Central Ark.,V,13,26,NA,2
2018,10,7,Murray St.,Eastern Ill.,V,48,41,NA,2
2018,10,20,Murray St.,Eastern Ky.,V,34,6,NA,2
2018,10,27,Murray St.,Jacksonville St.,H,15,42,NA,2
2018,11,10,Murray St.,Southeast Mo. St.,H,40,38,NA,2
2018,8,31,Murray St.,Southern Ill.,H,10,49,NA,2
2018,10,13,Murray St.,Tennessee St.,H,45,21,NA,2
2018,11,3,Murray St.,Tennessee Tech,V,24,27,NA,2
2018,9,30,Murray St.,UT Martin,H,45,38,NA,2
2018,12,15,N.C. A&T,Alcorn,V,24,22,NA,2
2018,10,20,N.C. A&T,Bethune-Cookman,V,35,10,NA,2
2018,10,7,N.C. A&T,Delaware St.,V,34,6,NA,2
2018,10,13,N.C. A&T,Florida A&M,H,21,22,NA,2
2018,9,8,N.C. A&T,Gardner-Webb,H,45,6,NA,2
2018,8,26,N.C. A&T,Jacksonville St.,V,20,17,NA,2
2018,9,22,N.C. A&T,Morgan St.,H,13,16,NA,2
2018,11,17,N.C. A&T,N.C. Central,V,45,0,NA,2
2018,11,3,N.C. A&T,Norfolk St.,H,37,20,NA,2
2018,11,10,N.C. A&T,Savannah St.,V,28,12,NA,2
2018,9,28,N.C. A&T,South Carolina St.,H,31,16,NA,2
2018,11,9,N.C. Central,Bethune-Cookman,V,25,28,2,2
2018,10,27,N.C. Central,Delaware St.,V,13,28,NA,2
2018,9,29,N.C. Central,Florida A&M,H,14,55,NA,2
2018,10,6,N.C. Central,Howard,H,40,35,NA,2
2018,11,17,N.C. Central,N.C. A&T,H,0,45,NA,2
2018,10,20,N.C. Central,Norfolk St.,V,36,6,NA,2
2018,9,2,N.C. Central,Prairie View,H,24,40,NA,2
2018,11,24,N.C. Central,South Carolina St.,V,21,17,NA,2
2018,11,10,New Hampshire,Albany (NY),H,24,10,NA,2
2018,9,8,New Hampshire,Colgate,H,3,10,NA,2
2018,10,20,New Hampshire,Delaware,H,14,38,NA,2
2018,9,29,New Hampshire,Elon,V,9,30,NA,2
2018,10,6,New Hampshire,Holy Cross,H,28,0,NA,2
2018,11,3,New Hampshire,James Madison,H,35,24,NA,2
2018,8,31,New Hampshire,Maine,V,7,35,NA,2
2018,11,17,New Hampshire,Rhode Island,V,21,24,NA,2
2018,10,13,New Hampshire,Stony Brook,H,7,35,NA,2
2018,10,27,New Hampshire,Villanova,V,34,0,NA,2
2018,10,13,Nicholls St.,Abilene Christian,V,12,28,NA,2
2018,12,1,Nicholls St.,Eastern Wash.,V,21,42,NA,2
2018,11,3,Nicholls St.,Houston Baptist,V,41,20,NA,2
2018,10,27,Nicholls St.,Incarnate Word,H,48,21,NA,2
2018,9,29,Nicholls St.,Lamar University,H,50,27,NA,2
2018,9,16,Nicholls St.,McNeese,V,10,20,NA,2
2018,10,7,Nicholls St.,Northwestern St.,V,28,10,NA,2
2018,9,22,Nicholls St.,Sam Houston St.,H,27,7,NA,2
2018,11,24,Nicholls St.,San Diego,H,49,30,NA,2
2018,11,10,Nicholls St.,SFA,H,47,14,NA,2
2018,11,16,Nicholls St.,Southeastern La.,H,44,0,NA,2
2018,9,29,Norfolk St.,Delaware St.,H,54,28,NA,2
2018,10,6,Norfolk St.,Florida A&M,V,0,17,NA,2
2018,11,10,Norfolk St.,Howard,H,29,17,NA,2
2018,9,8,Norfolk St.,James Madison,H,0,17,NA,2
2018,12,1,Norfolk St.,Liberty,V,17,52,NA,2
2018,11,17,Norfolk St.,Morgan St.,H,27,44,NA,2
2018,11,3,Norfolk St.,N.C. A&T,V,20,37,NA,2
2018,10,20,Norfolk St.,N.C. Central,H,6,36,NA,2
2018,10,27,Norfolk St.,Savannah St.,V,3,32,NA,2
2018,9,22,Norfolk St.,South Carolina St.,V,17,7,NA,2
2018,9,22,North Dakota,Idaho St.,H,21,25,NA,2
2018,8,31,North Dakota,Mississippi Val.,H,35,7,NA,2
2018,10,13,North Dakota,Montana,H,41,14,NA,2
2018,11,17,North Dakota,Northern Ariz.,V,16,31,NA,2
2018,9,29,North Dakota,Northern Colo.,V,38,13,NA,2
2018,11,10,North Dakota,Portland St.,H,17,10,NA,2
2018,10,21,North Dakota,Sacramento St.,V,41,15,NA,2
2018,9,16,North Dakota,Sam Houston St.,V,24,23,NA,2
2018,10,27,North Dakota,Weber St.,H,30,35,NA,2
2018,9,1,North Dakota St.,Cal Poly,H,49,3,NA,2
2018,12,8,North Dakota St.,Colgate,H,35,0,NA,2
2018,9,22,North Dakota St.,Delaware,H,38,10,NA,2
2018,1,5,North Dakota St.,Eastern Wash.,H,38,24,NA,2
2018,10,20,North Dakota St.,Illinois St.,H,28,14,NA,2
2018,11,10,North Dakota St.,Missouri St.,V,48,7,NA,2
2018,12,1,North Dakota St.,Montana St.,H,52,10,NA,2
2018,10,27,North Dakota St.,South Dakota,V,59,14,NA,2
2018,9,29,North Dakota St.,South Dakota St.,H,21,17,NA,2
2018,12,15,North Dakota St.,South Dakota St.,H,44,21,NA,2
2018,11,17,North Dakota St.,Southern Ill.,H,65,17,NA,2
2018,10,6,North Dakota St.,UNI,V,56,31,NA,2
2018,10,14,North Dakota St.,Western Ill.,V,34,7,NA,2
2018,11,3,North Dakota St.,Youngstown St.,H,17,7,NA,2
2018,10,28,Northern Ariz.,Cal Poly,H,28,38,NA,2
2018,9,9,Northern Ariz.,Eastern Wash.,H,26,31,NA,2
2018,9,29,Northern Ariz.,Idaho St.,V,42,56,NA,2
2018,9,15,Northern Ariz.,Missouri St.,V,8,40,NA,2
2018,11,17,Northern Ariz.,North Dakota,H,31,16,NA,2
2018,10,20,Northern Ariz.,Northern Colo.,V,14,42,NA,2
2018,9,23,Northern Ariz.,Southern Utah,H,31,23,NA,2
2018,11,3,Northern Ariz.,UC Davis,V,20,42,NA,2
2018,10,6,Northern Ariz.,Weber St.,H,28,24,NA,2
2018,11,3,Northern Colo.,Eastern Wash.,H,13,48,NA,2
2018,9,1,Northern Colo.,McNeese,H,14,17,NA,2
2018,11,10,Northern Colo.,Montana St.,V,7,35,NA,2
2018,9,29,Northern Colo.,North Dakota,H,13,38,NA,2
2018,10,20,Northern Colo.,Northern Ariz.,H,42,14,NA,2
2018,10,13,Northern Colo.,Portland St.,V,14,35,NA,2
2018,9,15,Northern Colo.,Sacramento St.,H,25,28,NA,2
2018,9,8,Northern Colo.,South Dakota,V,28,43,NA,2
2018,10,28,Northern Colo.,Southern Utah,V,42,39,NA,2
2018,10,6,Northern Colo.,UC Davis,H,36,49,NA,2
2018,9,23,Northern Colo.,Weber St.,V,28,45,NA,2
2018,11,3,Northwestern St.,Abilene Christian,V,47,49,NA,2
2018,10,21,Northwestern St.,Central Ark.,V,17,38,NA,2
2018,9,9,Northwestern St.,Grambling,H,34,7,NA,2
2018,10,28,Northwestern St.,Houston Baptist,H,31,28,NA,2
2018,9,16,Northwestern St.,Lamar University,V,49,48,NA,2
2018,11,11,Northwestern St.,McNeese,H,37,34,2,2
2018,10,7,Northwestern St.,Nicholls St.,H,10,28,NA,2
2018,10,14,Northwestern St.,Sam Houston St.,H,28,42,NA,2
2018,11,16,Northwestern St.,SFA,V,35,23,NA,2
2018,9,30,Northwestern St.,Southeastern La.,V,17,24,NA,2
2018,10,27,Penn,Brown,V,13,7,NA,2
2018,9,15,Penn,Bucknell,H,34,17,NA,2
2018,10,13,Penn,Columbia,H,13,10,NA,2
2018,11,2,Penn,Cornell,V,20,7,NA,2
2018,9,29,Penn,Dartmouth,V,14,37,NA,2
2018,11,10,Penn,Harvard,H,7,29,NA,2
2018,9,22,Penn,Lehigh,H,30,10,NA,2
2018,11,17,Penn,Princeton,V,14,42,NA,2
2018,10,6,Penn,Sacred Heart,V,31,27,NA,2
2018,10,20,Penn,Yale,H,10,23,NA,2
2018,11,17,Portland St.,Eastern Wash.,H,23,74,NA,2
2018,11,4,Portland St.,Idaho St.,H,45,48,NA,2
2018,10,6,Portland St.,Montana,V,22,20,NA,2
2018,9,22,Portland St.,Montana St.,H,23,43,NA,2
2018,11,10,Portland St.,North Dakota,V,10,17,NA,2
2018,10,13,Portland St.,Northern Colo.,H,35,14,NA,2
2018,10,28,Portland St.,Sacramento St.,V,41,14,NA,2
2018,11,17,Prairie View,Alabama St.,H,66,13,NA,2
2018,10,27,Prairie View,Alcorn,H,13,27,NA,2
2018,9,23,Prairie View,Ark.-Pine Bluff,V,62,13,NA,2
2018,9,29,Prairie View,Grambling,V,22,16,NA,2
2018,11,3,Prairie View,Jackson St.,V,28,34,NA,2
2018,9,2,Prairie View,N.C. Central,V,40,24,NA,2
2018,9,9,Prairie View,Sam Houston St.,V,32,41,NA,2
2018,10,13,Prairie View,Southern U.,H,0,38,NA,2
2018,11,24,Prairie View,Texas Southern,H,60,14,NA,2
2018,9,9,Presbyterian,Austin Peay,V,0,24,NA,2
2018,11,10,Presbyterian,Campbell,H,6,34,NA,2
2018,10,20,Presbyterian,Charleston So.,V,7,41,NA,2
2018,11,3,Presbyterian,Gardner-Webb,V,20,38,NA,2
2018,10,13,Presbyterian,Hampton,H,23,24,NA,2
2018,10,6,Presbyterian,Kennesaw St.,V,0,56,NA,2
2018,10,27,Presbyterian,Monmouth,H,14,24,NA,2
2018,11,17,Presbyterian,Wofford,V,21,45,NA,2
2018,10,13,Princeton,Brown,H,48,10,NA,2
2018,9,15,Princeton,Butler,V,50,7,NA,2
2018,9,28,Princeton,Columbia,V,45,10,NA,2
2018,10,27,Princeton,Cornell,H,66,0,NA,2
2018,11,3,Princeton,Dartmouth,H,14,9,NA,2
2018,10,20,Princeton,Harvard,V,29,21,NA,2
2018,10,6,Princeton,Lehigh,H,66,7,NA,2
2018,9,22,Princeton,Monmouth,H,51,9,NA,2
2018,11,17,Princeton,Penn,H,42,14,NA,2
2018,11,10,Princeton,Yale,V,59,43,NA,2
2018,9,8,Rhode Island,Albany (NY),H,45,26,NA,2
2018,10,6,Rhode Island,Brown,H,48,0,NA,2
2018,8,31,Rhode Island,Delaware,V,21,19,NA,2
2018,11,3,Rhode Island,Elon,V,21,24,NA,2
2018,9,29,Rhode Island,Harvard,V,23,16,NA,2
2018,11,10,Rhode Island,James Madison,V,31,48,NA,2
2018,10,13,Rhode Island,Maine,H,36,38,NA,2
2018,11,17,Rhode Island,New Hampshire,H,24,21,NA,2
2018,10,20,Rhode Island,Stony Brook,V,14,52,NA,2
2018,10,27,Rhode Island,William & Mary,H,21,10,NA,2
2018,10,14,Richmond,Albany (NY),V,27,24,NA,2
2018,10,6,Richmond,Delaware,H,28,43,NA,2
2018,10,20,Richmond,Elon,V,28,38,NA,2
2018,9,8,Richmond,Fordham,H,52,7,NA,2
2018,9,29,Richmond,James Madison,H,10,63,NA,2
2018,11,10,Richmond,Maine,H,9,28,NA,2
2018,9,13,Richmond,Saint Francis (PA),V,35,27,NA,2
2018,9,22,Richmond,Stony Brook,V,10,36,NA,2
2018,11,3,Richmond,Villanova,H,21,45,NA,2
2018,11,17,Richmond,William & Mary,V,10,6,NA,2
2018,9,22,Robert Morris,Bryant,V,46,49,NA,2
2018,10,6,Robert Morris,Central Conn. St.,H,35,56,NA,2
2018,9,1,Robert Morris,Dayton,V,28,49,NA,2
2018,10,14,Robert Morris,Duquesne,V,24,48,NA,2
2018,11,10,Robert Morris,Eastern Ky.,V,39,40,1,2
2018,9,14,Robert Morris,James Madison,V,7,73,NA,2
2018,11,3,Robert Morris,Sacred Heart,V,7,38,NA,2
2018,10,27,Robert Morris,Saint Francis (PA),H,7,20,NA,2
2018,11,17,Robert Morris,Wagner,H,7,41,NA,2
2018,10,7,Sacramento St.,Cal Poly,H,27,41,NA,2
2018,9,22,Sacramento St.,Montana,V,34,41,NA,2
2018,10,21,Sacramento St.,North Dakota,H,15,41,NA,2
2018,9,15,Sacramento St.,Northern Colo.,V,28,25,NA,2
2018,10,28,Sacramento St.,Portland St.,H,14,41,NA,2
2018,9,9,Sacramento St.,South Dakota St.,V,14,28,NA,2
2018,10,14,Sacramento St.,Southern Utah,V,27,48,NA,2
2018,11,17,Sacramento St.,UC Davis,V,13,56,NA,2
2018,11,3,Sacramento St.,Weber St.,V,14,26,NA,2
2018,10,27,Sacred Heart,Bryant,H,49,26,NA,2
2018,9,8,Sacred Heart,Bucknell,V,30,14,NA,2
2018,10,20,Sacred Heart,Central Conn. St.,V,28,25,NA,2
2018,9,29,Sacred Heart,Cornell,V,24,43,NA,2
2018,10,13,Sacred Heart,Dartmouth,V,0,42,NA,2
2018,11,10,Sacred Heart,Duquesne,V,24,28,NA,2
2018,9,1,Sacred Heart,Lafayette,H,35,6,NA,2
2018,10,6,Sacred Heart,Penn,H,27,31,NA,2
2018,11,3,Sacred Heart,Robert Morris,H,38,7,NA,2
2018,11,17,Sacred Heart,Saint Francis (PA),H,13,7,NA,2
2018,9,22,Sacred Heart,Wagner,V,41,14,NA,2
2018,9,23,Saint Francis (PA),Albany (NY),V,28,35,NA,2
2018,11,3,Saint Francis (PA),Bryant,H,27,14,NA,2
2018,11,10,Saint Francis (PA),Central Conn. St.,H,14,30,NA,2
2018,9,8,Saint Francis (PA),Delaware St.,H,45,14,NA,2
2018,10,20,Saint Francis (PA),Duquesne,H,20,27,NA,2
2018,9,1,Saint Francis (PA),Lehigh,V,19,21,NA,2
2018,9,13,Saint Francis (PA),Richmond,H,27,35,NA,2
2018,10,27,Saint Francis (PA),Robert Morris,V,20,7,NA,2
2018,11,17,Saint Francis (PA),Sacred Heart,V,7,13,NA,2
2018,10,13,Saint Francis (PA),Wagner,V,22,23,NA,2
2018,11,10,Sam Houston St.,Abilene Christian,H,10,17,NA,2
2018,9,29,Sam Houston St.,Central Ark.,H,34,31,1,2
2018,11,17,Sam Houston St.,Houston Baptist,V,42,20,NA,2
2018,11,3,Sam Houston St.,Incarnate Word,V,26,43,NA,2
2018,10,20,Sam Houston St.,Lamar University,V,23,41,NA,2
2018,9,22,Sam Houston St.,Nicholls St.,V,7,27,NA,2
2018,9,16,Sam Houston St.,North Dakota,H,23,24,NA,2
2018,10,14,Sam Houston St.,Northwestern St.,V,42,28,NA,2
2018,9,9,Sam Houston St.,Prairie View,H,41,32,NA,2
2018,10,6,Sam Houston St.,SFA,H,54,21,NA,2
2018,10,27,Sam Houston St.,Southeastern La.,H,28,25,NA,2
2018,9,23,Samford,Chattanooga,V,20,27,NA,2
2018,11,17,Samford,ETSU,V,38,27,NA,2
2018,10,20,Samford,Furman,V,38,25,NA,2
2018,9,29,Samford,Kennesaw St.,V,10,24,NA,2
2018,9,15,Samford,Mercer,H,24,30,NA,2
2018,11,10,Samford,The Citadel,V,27,42,NA,2
2018,10,13,Samford,VMI,H,73,22,NA,2
2018,10,6,Samford,Western Caro.,H,66,28,NA,2
2018,11,3,Samford,Wofford,H,35,20,NA,2
2018,10,20,San Diego,Butler,V,42,13,NA,2
2018,11,10,San Diego,Davidson,H,56,52,NA,2
2018,10,13,San Diego,Dayton,H,36,34,NA,2
2018,11,3,San Diego,Drake,V,27,10,NA,2
2018,9,15,San Diego,Harvard,V,14,36,NA,2
2018,10,27,San Diego,Jacksonville,H,59,35,NA,2
2018,11,17,San Diego,Marist,V,31,14,NA,2
2018,10,6,San Diego,Morehead St.,V,51,34,NA,2
2018,11,24,San Diego,Nicholls St.,V,30,49,NA,2
2018,9,29,San Diego,Stetson,H,49,10,NA,2
2018,9,9,San Diego,UC Davis,V,21,54,NA,2
2018,9,29,Savannah St.,Bethune-Cookman,H,20,35,NA,2
2018,10,6,Savannah St.,Charleston So.,H,23,3,NA,2
2018,11,3,Savannah St.,Delaware St.,V,6,25,NA,2
2018,9,22,Savannah St.,Florida A&M,V,13,31,NA,2
2018,10,13,Savannah St.,Morgan St.,H,11,18,NA,2
2018,11,10,Savannah St.,N.C. A&T,H,12,28,NA,2
2018,10,27,Savannah St.,Norfolk St.,H,32,3,NA,2
2018,11,17,Savannah St.,South Carolina St.,V,17,21,NA,2
2018,9,23,SFA,Abilene Christian,H,24,21,NA,2
2018,10,13,SFA,Central Ark.,H,17,27,NA,2
2018,10,21,SFA,Houston Baptist,V,42,14,NA,2
2018,9,16,SFA,Incarnate Word,V,7,31,NA,2
2018,10,27,SFA,Lamar University,H,17,24,NA,2
2018,9,30,SFA,McNeese,V,10,17,NA,2
2018,11,10,SFA,Nicholls St.,V,14,47,NA,2
2018,11,16,SFA,Northwestern St.,H,23,35,NA,2
2018,10,6,SFA,Sam Houston St.,V,21,54,NA,2
2018,10,13,South Carolina St.,Bethune-Cookman,H,26,28,NA,2
2018,10,20,South Carolina St.,Delaware St.,H,30,19,NA,2
2018,11,10,South Carolina St.,Florida A&M,V,44,21,NA,2
2018,10,27,South Carolina St.,Howard,V,27,21,NA,2
2018,10,6,South Carolina St.,Morgan St.,V,21,18,NA,2
2018,9,28,South Carolina St.,N.C. A&T,V,16,31,NA,2
2018,11,24,South Carolina St.,N.C. Central,H,17,21,NA,2
2018,9,22,South Carolina St.,Norfolk St.,H,7,17,NA,2
2018,11,17,South Carolina St.,Savannah St.,H,21,17,NA,2
2018,11,3,South Dakota,Indiana St.,V,48,51,3,2
2018,10,6,South Dakota,Missouri St.,H,35,28,NA,2
2018,10,27,South Dakota,North Dakota St.,H,14,59,NA,2
2018,9,8,South Dakota,Northern Colo.,H,43,28,NA,2
2018,11,17,South Dakota,South Dakota St.,V,27,49,NA,2
2018,9,30,South Dakota,Southern Ill.,V,31,24,NA,2
2018,10,14,South Dakota,UNI,H,28,42,NA,2
2018,9,16,South Dakota,Weber St.,V,10,27,NA,2
2018,11,10,South Dakota,Western Ill.,H,17,12,NA,2
2018,10,20,South Dakota,Youngstown St.,V,17,29,NA,2
2018,9,16,South Dakota St.,Ark.-Pine Bluff,H,90,6,NA,2
2018,12,1,South Dakota St.,Duquesne,H,51,6,NA,2
2018,10,27,South Dakota St.,Illinois St.,V,38,28,NA,2
2018,10,7,South Dakota St.,Indiana St.,H,54,51,1,2
2018,12,8,South Dakota St.,Kennesaw St.,V,27,17,NA,2
2018,11,3,South Dakota St.,Missouri St.,H,59,7,NA,2
2018,9,9,South Dakota St.,Montana St.,H,45,14,NA,2
2018,9,29,South Dakota St.,North Dakota St.,V,17,21,NA,2
2018,12,15,South Dakota St.,North Dakota St.,V,21,44,NA,2
2018,9,9,South Dakota St.,Sacramento St.,H,28,14,NA,2
2018,11,17,South Dakota St.,South Dakota,H,49,27,NA,2
2018,11,10,South Dakota St.,Southern Ill.,V,57,38,NA,2
2018,10,20,South Dakota St.,UNI,V,9,24,NA,2
2018,10,13,South Dakota St.,Youngstown St.,H,36,7,NA,2
2018,10,13,Southeast Mo. St.,Austin Peay,H,31,27,NA,2
2018,9,8,Southeast Mo. St.,Dayton,H,40,21,NA,2
2018,11,17,Southeast Mo. St.,Eastern Ill.,H,38,32,NA,2
2018,9,22,Southeast Mo. St.,Eastern Ky.,V,14,23,NA,2
2018,10,20,Southeast Mo. St.,Jacksonville St.,H,37,14,NA,2
2018,11,10,Southeast Mo. St.,Murray St.,V,38,40,NA,2
2018,9,16,Southeast Mo. St.,Southern Ill.,V,48,44,NA,2
2018,11,24,Southeast Mo. St.,Stony Brook,H,28,14,NA,2
2018,11,3,Southeast Mo. St.,Tennessee St.,H,38,21,NA,2
2018,10,7,Southeast Mo. St.,Tennessee Tech,V,70,38,NA,2
2018,10,27,Southeast Mo. St.,UT Martin,V,56,33,NA,2
2018,12,1,Southeast Mo. St.,Weber St.,V,23,48,NA,2
2018,10,21,Southeastern La.,Abilene Christian,H,27,48,NA,2
2018,9,16,Southeastern La.,Central Ark.,H,25,33,NA,2
2018,10,13,Southeastern La.,Houston Baptist,H,62,52,NA,2
2018,10,6,Southeastern La.,Incarnate Word,V,34,52,NA,2
2018,9,23,Southeastern La.,Lamar University,V,30,24,NA,2
2018,11,3,Southeastern La.,McNeese,H,23,6,NA,2
2018,11,16,Southeastern La.,Nicholls St.,V,0,44,NA,2
2018,9,30,Southeastern La.,Northwestern St.,H,24,17,NA,2
2018,10,27,Southeastern La.,Sam Houston St.,V,25,28,NA,2
2018,10,13,Southern Ill.,Illinois St.,V,3,51,NA,2
2018,10,20,Southern Ill.,Indiana St.,H,21,24,NA,2
2018,10,27,Southern Ill.,Missouri St.,V,49,35,NA,2
2018,8,31,Southern Ill.,Murray St.,V,49,10,NA,2
2018,11,17,Southern Ill.,North Dakota St.,V,17,65,NA,2
2018,9,30,Southern Ill.,South Dakota,H,24,31,NA,2
2018,11,10,Southern Ill.,South Dakota St.,H,38,57,NA,2
2018,9,16,Southern Ill.,Southeast Mo. St.,H,44,48,NA,2
2018,11,3,Southern Ill.,Western Ill.,H,31,34,NA,2
2018,10,6,Southern Ill.,Youngstown St.,V,14,17,NA,2
2018,9,22,Southern U.,Alabama A&M,V,29,27,NA,2
2018,9,30,Southern U.,Alcorn,H,3,20,NA,2
2018,12,1,Southern U.,Alcorn,V,28,37,NA,2
2018,11,10,Southern U.,Ark.-Pine Bluff,H,56,24,NA,2
2018,11,24,Southern U.,Grambling,H,38,28,NA,2
2018,10,28,Southern U.,Jackson St.,H,41,7,NA,2
2018,10,13,Southern U.,Prairie View,V,38,0,NA,2
2018,10,20,Southern U.,Texas Southern,H,21,7,NA,2
2018,11,18,Southern Utah,Cal Poly,V,24,38,NA,2
2018,10,6,Southern Utah,Eastern Wash.,V,17,55,NA,2
2018,11,3,Southern Utah,Montana,H,14,57,NA,2
2018,9,23,Southern Utah,Northern Ariz.,V,23,31,NA,2
2018,10,28,Southern Utah,Northern Colo.,H,39,42,NA,2
2018,10,14,Southern Utah,Sacramento St.,H,48,27,NA,2
2018,11,11,Southern Utah,Weber St.,H,18,31,NA,2
2018,11,10,Stetson,Butler,V,23,28,NA,2
2018,10,27,Stetson,Davidson,V,56,53,NA,2
2018,10,13,Stetson,Drake,V,23,21,NA,2
2018,10,20,Stetson,Jacksonville,H,38,35,NA,2
2018,9,22,Stetson,Marist,H,19,14,NA,2
2018,11,3,Stetson,Morehead St.,H,48,24,NA,2
2018,9,29,Stetson,San Diego,V,10,49,NA,2
2018,11,17,Stetson,Valparaiso,H,45,31,NA,2
2018,11,17,Stony Brook,Albany (NY),V,23,25,NA,2
2018,9,8,Stony Brook,Bryant,H,50,21,NA,2
2018,11,10,Stony Brook,Delaware,H,17,3,NA,2
2018,9,15,Stony Brook,Fordham,V,28,6,NA,2
2018,10,27,Stony Brook,James Madison,V,10,13,NA,2
2018,10,13,Stony Brook,New Hampshire,V,35,7,NA,2
2018,10,20,Stony Brook,Rhode Island,H,52,14,NA,2
2018,9,22,Stony Brook,Richmond,H,36,10,NA,2
2018,11,24,Stony Brook,Southeast Mo. St.,V,14,28,NA,2
2018,10,6,Stony Brook,Towson,V,28,52,NA,2
2018,9,29,Stony Brook,Villanova,H,29,27,NA,2
2018,10,7,Tennessee St.,Austin Peay,V,34,49,NA,2
2018,9,2,Tennessee St.,Bethune-Cookman,H,34,3,NA,2
2018,9,22,Tennessee St.,Eastern Ill.,V,41,40,NA,2
2018,11,10,Tennessee St.,Jacksonville St.,H,14,41,NA,2
2018,10,13,Tennessee St.,Murray St.,V,21,45,NA,2
2018,11,3,Tennessee St.,Southeast Mo. St.,V,21,38,NA,2
2018,10,20,Tennessee St.,Tennessee Tech,H,41,14,NA,2
2018,11,17,Tennessee St.,UT Martin,H,31,28,1,2
2018,10,27,Tennessee Tech,Austin Peay,V,10,41,NA,2
2018,8,31,Tennessee Tech,Chattanooga,V,10,34,NA,2
2018,9,30,Tennessee Tech,Eastern Ill.,H,38,52,NA,2
2018,11,17,Tennessee Tech,Eastern Ky.,H,6,37,NA,2
2018,9,23,Tennessee Tech,Jacksonville St.,V,20,48,NA,2
2018,9,7,Tennessee Tech,Kennesaw St.,H,10,49,NA,2
2018,11,3,Tennessee Tech,Murray St.,H,27,24,NA,2
2018,10,7,Tennessee Tech,Southeast Mo. St.,H,38,70,NA,2
2018,10,20,Tennessee Tech,Tennessee St.,V,14,41,NA,2
2018,11,10,Tennessee Tech,UT Martin,V,13,38,NA,2
2018,10,7,Texas Southern,Alabama A&M,H,21,42,NA,2
2018,11,3,Texas Southern,Alabama St.,V,21,30,NA,2
2018,9,16,Texas Southern,Alcorn,V,15,27,NA,2
2018,11,18,Texas Southern,Ark.-Pine Bluff,H,10,15,NA,2
2018,10,14,Texas Southern,Grambling,H,21,34,NA,2
2018,10,27,Texas Southern,Mississippi Val.,H,42,14,NA,2
2018,11,24,Texas Southern,Prairie View,V,14,60,NA,2
2018,10,20,Texas Southern,Southern U.,V,7,21,NA,2
2018,11,30,The Citadel,Charleston So.,H,43,14,NA,2
2018,9,8,The Citadel,Chattanooga,H,28,29,1,2
2018,10,13,The Citadel,ETSU,H,23,26,NA,2
2018,10,27,The Citadel,Furman,H,17,28,NA,2
2018,9,22,The Citadel,Mercer,V,38,31,NA,2
2018,11,10,The Citadel,Samford,H,42,27,NA,2
2018,9,29,The Citadel,Towson,V,27,44,NA,2
2018,10,20,The Citadel,VMI,V,34,32,NA,2
2018,11,3,The Citadel,Western Caro.,V,38,24,NA,2
2018,9,1,The Citadel,Wofford,V,21,28,NA,2
2018,10,20,Towson,Albany (NY),V,56,28,NA,2
2018,10,27,Towson,Delaware,V,36,40,NA,2
2018,11,24,Towson,Duquesne,H,10,31,NA,2
2018,11,10,Towson,Elon,V,41,10,NA,2
2018,11,17,Towson,James Madison,H,17,38,NA,2
2018,11,3,Towson,Maine,H,28,35,NA,2
2018,9,2,Towson,Morgan St.,V,36,10,NA,2
2018,10,6,Towson,Stony Brook,H,52,28,NA,2
2018,9,29,Towson,The Citadel,H,44,27,NA,2
2018,9,15,Towson,Villanova,V,45,35,NA,2
2018,10,13,Towson,William & Mary,H,29,13,NA,2
2018,10,21,UC Davis,Cal Poly,V,52,10,NA,2
2018,11,10,UC Davis,Eastern Wash.,V,20,59,NA,2
2018,12,8,UC Davis,Eastern Wash.,V,29,34,NA,2
2018,10,14,UC Davis,Idaho St.,H,44,37,1,2
2018,10,27,UC Davis,Montana,V,49,21,NA,2
2018,11,3,UC Davis,Northern Ariz.,H,42,20,NA,2
2018,10,6,UC Davis,Northern Colo.,V,49,36,NA,2
2018,11,17,UC Davis,Sacramento St.,H,56,13,NA,2
2018,9,9,UC Davis,San Diego,H,54,21,NA,2
2018,12,2,UC Davis,UNI,H,23,16,NA,2
2018,9,22,UNI,Hampton,H,44,0,NA,2
2018,11,3,UNI,Illinois St.,H,26,16,NA,2
2018,9,28,UNI,Indiana St.,V,33,0,NA,2
2018,11,24,UNI,Lamar University,H,16,13,NA,2
2018,11,17,UNI,Missouri St.,H,37,0,NA,2
2018,9,2,UNI,Montana,V,23,26,NA,2
2018,10,6,UNI,North Dakota St.,H,31,56,NA,2
2018,10,14,UNI,South Dakota,V,42,28,NA,2
2018,10,20,UNI,South Dakota St.,H,24,9,NA,2
2018,12,2,UNI,UC Davis,V,16,23,NA,2
2018,10,27,UNI,Western Ill.,V,17,37,NA,2
2018,11,10,UNI,Youngstown St.,V,10,31,NA,2
2018,9,22,UT Martin,Austin Peay,H,37,7,NA,2
2018,9,15,UT Martin,Chattanooga,H,24,34,NA,2
2018,10,20,UT Martin,Eastern Ill.,V,21,24,1,2
2018,10,13,UT Martin,Eastern Ky.,H,34,35,NA,2
2018,11,3,UT Martin,Jacksonville St.,V,14,21,NA,2
2018,9,30,UT Martin,Murray St.,V,38,45,NA,2
2018,10,27,UT Martin,Southeast Mo. St.,H,33,56,NA,2
2018,11,17,UT Martin,Tennessee St.,V,28,31,1,2
2018,11,10,UT Martin,Tennessee Tech,H,38,13,NA,2
2018,10,13,Valparaiso,Butler,H,35,17,NA,2
2018,9,29,Valparaiso,Davidson,H,35,40,NA,2
2018,10,6,Valparaiso,Dayton,V,20,53,NA,2
2018,10,27,Valparaiso,Drake,H,25,42,NA,2
2018,9,8,Valparaiso,Duquesne,V,21,23,NA,2
2018,11,10,Valparaiso,Jacksonville,H,48,30,NA,2
2018,11,3,Valparaiso,Marist,V,24,35,NA,2
2018,10,20,Valparaiso,Morehead St.,V,24,31,NA,2
2018,11,17,Valparaiso,Stetson,V,31,45,NA,2
2018,9,15,Valparaiso,Youngstown St.,V,7,42,NA,2
2018,9,22,Villanova,Bucknell,H,49,7,NA,2
2018,11,17,Villanova,Delaware,V,42,21,NA,2
2018,10,13,Villanova,James Madison,H,0,37,NA,2
2018,9,8,Villanova,Lehigh,V,31,9,NA,2
2018,10,6,Villanova,Maine,V,10,13,NA,2
2018,10,27,Villanova,New Hampshire,H,0,34,NA,2
2018,11,3,Villanova,Richmond,V,45,21,NA,2
2018,9,29,Villanova,Stony Brook,V,27,29,NA,2
2018,9,15,Villanova,Towson,H,35,45,NA,2
2018,11,10,Villanova,William & Mary,H,17,24,NA,2
2018,10,27,VMI,Chattanooga,V,27,34,NA,2
2018,9,14,VMI,ETSU,H,24,27,NA,2
2018,11,10,VMI,Furman,H,13,49,NA,2
2018,9,29,VMI,Mercer,H,38,48,NA,2
2018,10,13,VMI,Samford,V,22,73,NA,2
2018,10,20,VMI,The Citadel,H,32,34,NA,2
2018,9,22,VMI,Western Caro.,V,50,52,NA,2
2018,9,8,VMI,Wofford,V,14,59,NA,2
2018,11,10,Wagner,Bryant,V,52,36,NA,2
2018,10,6,Wagner,Campbell,V,3,49,NA,2
2018,10,27,Wagner,Central Conn. St.,V,24,49,NA,2
2018,11,3,Wagner,Duquesne,H,30,47,NA,2
2018,9,29,Wagner,Monmouth,V,47,54,NA,2
2018,9,15,Wagner,Montana St.,V,24,47,NA,2
2018,11,17,Wagner,Robert Morris,V,41,7,NA,2
2018,9,22,Wagner,Sacred Heart,H,14,41,NA,2
2018,10,13,Wagner,Saint Francis (PA),H,23,22,NA,2
2018,9,9,Weber St.,Cal Poly,V,24,17,NA,2
2018,10,13,Weber St.,Eastern Wash.,H,14,6,NA,2
2018,11,17,Weber St.,Idaho St.,V,26,13,NA,2
2018,11,8,Weber St.,Maine,H,18,23,NA,2
2018,10,20,Weber St.,Montana St.,H,34,24,NA,2
2018,10,27,Weber St.,North Dakota,V,35,30,NA,2
2018,10,6,Weber St.,Northern Ariz.,V,24,28,NA,2
2018,9,23,Weber St.,Northern Colo.,H,45,28,NA,2
2018,11,3,Weber St.,Sacramento St.,H,26,14,NA,2
2018,9,16,Weber St.,South Dakota,H,27,10,NA,2
2018,12,1,Weber St.,Southeast Mo. St.,H,48,23,NA,2
2018,11,11,Weber St.,Southern Utah,V,31,18,NA,2
2018,10,13,Western Caro.,Chattanooga,H,6,26,NA,2
2018,10,27,Western Caro.,ETSU,V,43,45,3,2
2018,9,29,Western Caro.,Furman,V,38,44,NA,2
2018,9,14,Western Caro.,Gardner-Webb,V,28,10,NA,2
2018,10,20,Western Caro.,Mercer,V,46,59,NA,2
2018,10,6,Western Caro.,Samford,V,28,66,NA,2
2018,11,3,Western Caro.,The Citadel,H,24,38,NA,2
2018,9,22,Western Caro.,VMI,H,52,50,NA,2
2018,11,10,Western Caro.,Wofford,H,23,38,NA,2
2018,10,6,Western Ill.,Illinois St.,V,16,33,NA,2
2018,11,17,Western Ill.,Indiana St.,H,13,15,NA,2
2018,10,20,Western Ill.,Missouri St.,V,31,14,NA,2
2018,9,15,Western Ill.,Montana,H,31,27,NA,2
2018,8,31,Western Ill.,Montana St.,V,23,26,NA,2
2018,10,14,Western Ill.,North Dakota St.,H,7,34,NA,2
2018,11,10,Western Ill.,South Dakota,V,12,17,NA,2
2018,11,3,Western Ill.,Southern Ill.,V,34,31,NA,2
2018,10,27,Western Ill.,UNI,H,37,17,NA,2
2018,9,29,Western Ill.,Youngstown St.,H,45,38,NA,2
2018,10,6,William & Mary,Albany (NY),H,25,22,NA,2
2018,9,1,William & Mary,Bucknell,V,14,7,NA,2
2018,9,29,William & Mary,Colgate,H,0,23,NA,2
2018,9,22,William & Mary,James Madison,V,0,51,NA,2
2018,10,20,William & Mary,Maine,H,27,20,NA,2
2018,10,27,William & Mary,Rhode Island,V,10,21,NA,2
2018,11,17,William & Mary,Richmond,H,6,10,NA,2
2018,10,13,William & Mary,Towson,V,13,29,NA,2
2018,11,10,William & Mary,Villanova,V,24,17,NA,2
2018,10,6,Wofford,Chattanooga,V,21,10,NA,2
2018,11,24,Wofford,Elon,H,19,7,NA,2
2018,10,20,Wofford,ETSU,H,30,17,NA,2
2018,10,13,Wofford,Furman,V,14,34,NA,2
2018,9,29,Wofford,Gardner-Webb,V,45,14,NA,2
2018,12,1,Wofford,Kennesaw St.,V,10,13,NA,2
2018,10,27,Wofford,Mercer,H,42,21,NA,2
2018,11,17,Wofford,Presbyterian,H,45,21,NA,2
2018,11,3,Wofford,Samford,V,20,35,NA,2
2018,9,1,Wofford,The Citadel,H,28,21,NA,2
2018,9,8,Wofford,VMI,H,59,14,NA,2
2018,11,10,Wofford,Western Caro.,V,38,23,NA,2
2018,11,3,Yale,Brown,H,46,16,NA,2
2018,10,27,Yale,Columbia,V,10,17,NA,2
2018,9,22,Yale,Cornell,V,30,24,NA,2
2018,10,5,Yale,Dartmouth,H,18,41,NA,2
2018,11,17,Yale,Harvard,V,27,45,NA,2
2018,9,15,Yale,Holy Cross,V,28,31,1,2
2018,9,29,Yale,Maine,H,35,14,NA,2
2018,10,13,Yale,Mercer,H,35,28,NA,2
2018,10,20,Yale,Penn,V,23,10,NA,2
2018,11,10,Yale,Princeton,H,43,59,NA,2
2018,9,1,Youngstown St.,Butler,H,21,23,NA,2
2018,11,17,Youngstown St.,Illinois St.,V,28,35,NA,2
2018,10,27,Youngstown St.,Indiana St.,H,17,43,NA,2
2018,11,3,Youngstown St.,North Dakota St.,V,7,17,NA,2
2018,10,20,Youngstown St.,South Dakota,H,29,17,NA,2
2018,10,13,Youngstown St.,South Dakota St.,V,7,36,NA,2
2018,10,6,Youngstown St.,Southern Ill.,H,17,14,NA,2
2018,11,10,Youngstown St.,UNI,H,31,10,NA,2
2018,9,15,Youngstown St.,Valparaiso,H,42,7,NA,2
2018,9,29,Youngstown St.,Western Ill.,V,38,45,NA,2
